{"homography": [[-0.09910852003775815, -0.0004211410199904507, 0.7953950064219811], [-0.06463756382392988, -0.09512525327629348, 68.05236815184058], [-0.001894353171213171, -1.2146454089932878e-05, 1.0]], "pitch_length_m": 105.01, "pitch_width_m": 68.0}