{"homography": [[0.12399942777262793, 0.00110221713575668, -0.9964042907240352], [-0.000731933317692414, 0.14968036346809865, -0.592865987330857], [-4.0896152636141224e-05, -2.0399875374701923e-05, 1.0]], "pitch_length_m": 105.0, "pitch_width_m": 68.0}